model,method,split,n_train_labeled,accuracy,f1_macro,f1_weighted,f1_negative,f1_neutral,f1_positive,notes
random-prior,baseline,test,0,0.4525386313465783,0.3282453757273901,0.453995893730993,0.1076923076923077,0.60431654676259,0.2727272727272727,prior-weighted
majority-class,baseline,test,0,0.6136865342163356,0.2535339717282261,0.4667711532479925,0.0,0.7606019151846786,0.0,most-frequent
rule-based,baseline,test,0,0.8278145695364238,0.7883164522214704,0.8170405457118249,0.8148148148148148,0.8762214983713354,0.6739130434782609,directional-lexicon
bert-base-uncased,full-1%,test,18,0.5275938189845475,0.3400540357987167,0.5019348662860006,0.0,0.6773049645390071,0.3428571428571428,frac=0.01; epochs=3; maxlen=64
bert-base-uncased,full-10%,test,181,0.7527593818984547,0.4936745319596765,0.7016037978778895,0.0,0.9084745762711864,0.5725490196078431,frac=0.1; epochs=3; maxlen=64
bert-base-uncased,full-25%,test,452,0.8123620309050773,0.554238961771759,0.7648357356187508,0.0,0.9568345323741008,0.7058823529411765,frac=0.25; epochs=3; maxlen=64
bert-base-uncased,full-50%,test,905,0.958057395143488,0.9423174127720872,0.9582500487785758,0.9230769230769232,0.9801084990958407,0.9237668161434978,frac=0.5; epochs=3; maxlen=64
bert-base-uncased,full-75%,test,1358,0.9757174392935982,0.967907968600374,0.9757951215617386,0.9606299212598424,0.9873417721518988,0.9557522123893806,frac=0.75; epochs=3; maxlen=64
bert-base-uncased,full-100%,test,1811,0.9735099337748344,0.9628177607794872,0.9735790517112485,0.9523809523809523,0.9891696750902527,0.9469026548672567,frac=1.0; epochs=3; maxlen=64