model,method,split,n_train_labeled,accuracy,f1_macro,f1_weighted,f1_negative,f1_neutral,f1_positive,notes
random-prior,baseline,test,0,0.4525386313465783,0.3282453757273901,0.453995893730993,0.1076923076923077,0.60431654676259,0.2727272727272727,prior-weighted
majority-class,baseline,test,0,0.6136865342163356,0.2535339717282261,0.4667711532479925,0.0,0.7606019151846786,0.0,most-frequent
rule-based,baseline,test,0,0.8278145695364238,0.7883164522214704,0.8170405457118249,0.8148148148148148,0.8762214983713354,0.6739130434782609,directional-lexicon
bert-base-uncased,32-shot,test,32,0.6799116997792495,0.6011948458867774,0.6976920622639083,0.4651162790697674,0.8237623762376237,0.5147058823529411,val_f1_macro=0.5077
bert-base-uncased,augmented,test,225,0.739514348785872,0.635466185433608,0.747357541674066,0.467065868263473,0.8901098901098901,0.5492227979274611,back-translation aug from 32; n=225; val_f1_macro=0.6107
claude-opus-4-8,zero-shot,test,0,0.9823399558498896,0.9778564362292684,0.9824138885339092,0.9682539682539684,0.9873417721518988,0.9779735682819384,zero-shot on test (n=453); unparsable=0
claude-opus-4-8,few-shot,test,32,0.9823399558498896,0.9778564362292684,0.9824138885339092,0.9682539682539684,0.9873417721518988,0.9779735682819384,32 in-context examples; unparsable=0
bert-base-uncased,llm-generated,test,392,0.8653421633554084,0.8406494026023276,0.8622194755697776,0.8740740740740741,0.9110320284697508,0.7368421052631579,n=392; gen=360; val_f1_macro=0.8462
bert-base-uncased,optimal-combo,test,585,0.847682119205298,0.7997173477099214,0.8452598885839646,0.7741935483870968,0.9172661870503596,0.7076923076923077,recipe=32-real+augmented+llm-generated; n=585; val_f1_macro=0.7933
