person,model,method,split,n_train_labeled,accuracy,f1_macro,f1_weighted,f1_negative,f1_neutral,f1_positive,notes
A,random-uniform,baseline,test,0,0.3532008830022075,0.3232473076514571,0.3800710028719855,0.1951219512195122,0.4387990762124711,0.3358208955223881,
A,random-prior,baseline,test,0,0.4657836644591611,0.33185667716193,0.4646561739657349,0.1259842519685039,0.6321428571428571,0.2374429223744292,
A,rule-based,baseline,test,0,0.8123620309050773,0.7355044374652219,0.8033886768077133,0.5882352941176471,0.8754208754208754,0.7428571428571429,expanded-lexicon
